"Layer","Day","Name","Location","Notes","Priority"
"Athens / Logistics","18.8 / 30.8","Athens International Airport","Athens International Airport, Spata, Greece","הלוך W4 7511: נחיתה 18.8 15:20; חזור W4 7512: המראה 30.8 09:55","Must"
"Athens / Logistics","18.8","Chalkidiki Cars Athens Airport","Athens International Airport, Spata, Greece","איסוף רכב 17:00; Free Shuttle Bus; החזרה 28.8 17:00","Must"
"Athens / Logistics","18-19.8","Athens Airport Living Spaces","Athens Airport Living Spaces, Spata, Greece","לילה ראשון ליד שדה התעופה; אישור HZRZSOZW80DA","Must"
"Athens / Logistics","18.8","Rafina","Rafina, Attica, Greece","ארוחת ערב קלה ליד הים אם יש כוח אחרי טיסה","Optional"
"Athens / Logistics","18.8","Artemida","Artemida, Attica, Greece","חלופה רגועה קרובה לשדה התעופה","Optional"
"Athens / Logistics","19.8","Aquapolis Athens","Aquapolis Athens, Spata, Greece","פארק מים ליד האאוטלט; כמה שעות עם הילדים לפני נסיעה לפיליון","Must"
"Athens / Logistics","18.8 / 19.8","McArthurGlen Designer Outlet Athens","McArthurGlen Designer Outlet Athens, Spata, Greece","אופציה טובה כבר בערב הראשון אחרי המלון; אם לא, ורד יכולה להמשיך קניות בזמן פארק המים","Must"
"Road Stops","19.8 / 28.8","Thermopylae Leonidas Monument","Leonidas Monument, Thermopylae, Greece","עצירת היסטוריה קצרה בדרך לפיליון או בחזור","Must"
"Road Stops","19.8 / 28.8","Thermopylae Historical Information Center","Thermopylae Historical Information Center, Lamia, Greece","אם רוצים עצירה קצת יותר מסודרת לילדים","Optional"
"Road Stops","19.8 / 28.8","Kamena Vourla","Kamena Vourla, Greece","טיילת, ים והפסקה אנושית באמצע הדרך","Good"
"Road Stops","19.8","Volos","Volos, Greece","צהריים, גלידה, דלק וקניות לפני העלייה לפיליון","Must"
"Road Stops","19.8","Jumbo Volos","Jumbo Volos, Greece","ציוד חוף, מחצלת, שמשייה ומשחקים לנסיעות","Good"
"Road Stops","19.8","Lidl Volos","Lidl Volos, Greece","קניות בסיסיות לפני פיליון","Good"
"East Pelion Base","19-24.8","OM Living Pelion","OM Living Pelion, Agios Dimitrios, Pelion, Greece","בסיס הלינה במזרח פיליון","Must"
"East Pelion Beaches","20.8","Agios Ioannis Beach","Agios Ioannis Beach, Pelion, Greece","חוף קרוב ליום התאקלמות","Good"
"East Pelion Beaches","20.8","Papa Nero Beach","Papa Nero Beach, Pelion, Greece","חוף קרוב ונוח יחסית ליום ראשון במזרח","Good"
"East Pelion Villages","20.8","Mouresi","Mouresi, Pelion, Greece","כפר קרוב לערב רגוע","Optional"
"East Pelion Villages","20.8","Kissos","Kissos, Pelion, Greece","כפר ירוק, מתאים לעצירה קצרה","Optional"
"East Pelion Nature","20-21.8","Kissos Waterfalls","Kissos Waterfalls, Pelion, Greece","לעצור רק אם עוברים קרוב; לא לנסוע במיוחד","Optional"
"East Pelion Villages","21.8","Tsagarada Plane Tree","Plane Tree of Tsagarada, Tsagarada, Pelion, Greece","עץ הדולב הענק וכיכר לקפה קצר","Must"
"East Pelion Food","21.8","Alekas Restaurant","Alekas Restaurant, Tsagarada, Pelion, Greece","מסעדה מומלצת בצאגארדה","Good"
"East Pelion Food","21.8","Aggelika Fish Taverna","Aggelika Fish Taverna, Tsagarada, Pelion, Greece","דגים/טברנה באזור צאגארדה","Optional"
"East Pelion Beaches","21.8","Mylopotamos Beach","Mylopotamos Beach, Pelion, Greece","החוף האייקוני; להגיע מוקדם ולבדוק גלים","Must"
"East Pelion Nature","21.8","Stream of Poros","Stream of Poros, Pelion, Greece","מסלולון קצר למפל ובריכות קרות","Optional"
"East Pelion Villages","21.8","Zagora Central Square","Zagora, Pelion, Greece","עצירת ערב בכיכר, בירה/גלידה","Optional"
"East Pelion Beaches","22.8","Damouchari","Damouchari, Pelion, Greece","נמל קטן, חוף, טברנות ואווירה של כפר דייגים","Must"
"East Pelion Food","22.8","Palia Damouchari Restaurant","Palia Damouchari Restaurant, Damouchari, Pelion, Greece","ארוחת צהריים אם עושים Damouchari רגוע","Good"
"East Pelion Beaches","22.8","Fakistra Beach","Fakistra Beach, Pelion, Greece","חוף דרמטי, מתאים יותר כשיש ים טוב ופחות ציוד","Good"
"East Pelion Sea","22.8","Sea Caves of Thetis","Sea Caves of Thetis, Pelion, Greece","שייט/קיאק במזרח; לבדוק גיל מינימום וים","Good"
"East Pelion Beaches","22.8","Kalamaki Beach Pelion","Kalamaki Beach, Pelion, Greece","בריכות סלע לילדים; לא מוסדר","Good"
"East Pelion Beaches","22.8","Plaka Beach Pelion","Plaka Beach, Pelion, Greece","חוף יפה; לנווט גם לפי Eden Hotel אם צריך","Good"
"East Pelion Beaches","22.8","Eden Hotel Pelion","Eden Hotel, Plaka Beach, Pelion, Greece","נקודת ניווט נוחה יותר ל-Plaka","Optional"
"East Pelion Beaches","22-23.8","Chorefto Beach","Chorefto Beach, Pelion, Greece","גיבוי ליום ים רחב במזרח","Optional"
"East Pelion Beaches","22-23.8","Agioi Saranta Beach","Agioi Saranta Beach, Pelion, Greece","חוף יפה במזרח; לבדוק גלים","Good"
"Pelion Train","23.8","Ano Lechonia Train Station","Ano Lechonia Railway Station, Pelion, Greece","יציאת רכבת פיליון 10:00 לפי לו״ז עונתי","Must"
"Pelion Train","23.8","Ano Gatzea Railway Stop","Ano Gatzea Railway Station, Pelion, Greece","עצירת ביניים של הרכבת","Optional"
"Pelion Train / Villages","23.8 / 24.8","Milies","Milies, Pelion, Greece","כפר, רכבת, מסילה וגשר; מתאים גם ביום מעבר","Must"
"Pelion Train / Villages","23.8 / 24.8","Milies Train Station","Milies Railway Station, Pelion, Greece","סיום/חזרה ברכבת, הליכה קצרה על המסילה","Good"
"Pelion Villages","24.8","Vyzitsa","Vyzitsa, Pelion, Greece","עצירה יפה ביום מעבר למערב","Optional"
"West Pelion Base","24-28.8","Seafront Karma Luxury - An Escape From Reality","Seafront Karma Luxury - An Escape From Reality, Kato Gatzea, Pelion, Greece","בסיס הלינה במערב דרך Holihouse; אישור עדכון GY-tE7eELuP ל-24-28.8","Must"
"West Pelion Beaches","24-25.8","Kala Nera","Kala Nera, Pelion, Greece","טיילת, ים רגוע, מסעדות וסופר","Must"
"West Pelion Food","24-25.8","Taverna Rodia","Taverna Rodia, Kala Nera, Pelion, Greece","מסעדה מומלצת תחת גפנים מול הים","Good"
"West Pelion Food","24-25.8","1900 Restaurant Kala Nera","1900 Restaurant, Kala Nera, Pelion, Greece","טברנה/מסעדה בטיילת של קאלה נרה","Optional"
"West Pelion Beaches","25.8","Koropi Beach Pelion","Koropi Beach, Pelion, Greece","חוף רגוע באזור המפרץ","Optional"
"West Pelion Beaches","25.8","Afissos","Afissos, Pelion, Greece","שקיעה וארוחת ערב; מים רגועים","Good"
"West Pelion Beaches","25.8","Costa Kali Beach Bar","Costa Kali Beach Bar, Pelion, Greece","ביץ׳ בר עם צל, מיטות ודשא לפי המלצות","Good"
"West Pelion Beaches","25.8","Olive Beach Pelion","Olive Beach, Pelion, Greece","מפרץ יפה עם מיטות ושמשיות","Optional"
"West Pelion Sea","25-26.8","Tzouris Boats","Tzouris Boats, Kato Gatzea, Pelion, Greece","השכרת סירות; לשקול סקיפר ולבדוק ים בבוקר","Good"
"South West Pelion","26.8","Horto","Horto, Pelion, Greece","כפר מפרץ רגוע בדרך דרומה","Good"
"South West Pelion","26.8","Milina","Milina, Pelion, Greece","עיירת חוף נוחה בדרום מערב","Good"
"South West Pelion","26.8","Tzasteni Beach","Tzasteni Beach, Pelion, Greece","עצירה מצולמת קצרה; לא יום שלם","Good"
"South West Pelion","26.8","Kottes","Kottes, Pelion, Greece","כפר דרומי קטן ומפרץ סירות","Optional"
"South West Pelion Food","26.8","Taverna da Angelo","Taverna da Angelo, Kottes, Pelion, Greece","מסעדת דגים מומלצת; הגעה קצת הרפתקנית","Optional"
"South West Pelion","26.8","Alogoporos","Alogoporos, Pelion, Greece","נקודת יציאה למונית-סירה לאי Trikeri","Optional"
"South West Pelion","26.8","Trikeri Island","Trikeri Island, Greece","אי ללא מכוניות, טברנות ומנזר","Optional"
"Mountain Villages / Volos","27.8","Makrinitsa","Makrinitsa, Pelion, Greece","תצפית קלאסית על וולוס והמפרץ","Must"
"Mountain Villages / Volos","27.8","Aeriko Cafe Makrinitsa","Aeriko Cafe, Makrinitsa, Pelion, Greece","קפה/קינוח עם נוף","Good"
"Mountain Villages / Volos","27.8","Portaria","Portaria, Pelion, Greece","כפר הררי ושביל הקנטאורים","Good"
"Mountain Villages / Volos","27.8","Centaurs' Path Portaria","Centaurs Path, Portaria, Pelion, Greece","הליכה קצרה ומוצלת יחסית","Good"
"Mountain Villages / Volos","27.8","Volos Port Promenade","Volos Port, Volos, Greece","סיבוב ערב, גלידה, חנויות וארוחה","Good"
"Mountain Villages / Volos Food","27.8","MeZen Volos","MeZen, Volos, Greece","ציפוראדיקו מוכר; לבדוק התאמה לילדים ושעות","Optional"
"Athens","28-30.8","Plaka Athens","Plaka, Athens, Greece","ערב ראשון אחרי החזרה מאתונה","Good"
"Athens","28-30.8","Monastiraki Square","Monastiraki Square, Athens, Greece","שיטוט ערב ותצפית אקרופוליס מבחוץ","Good"
"Athens","28-30.8","NS Place Athens","NS Place, Mitropoleos 80, Monastiraki, Athens, Greece","לינה אחרונה באתונה; אישור PMS002250159","Must"
"Athens","29.8","Acropolis of Athens","Acropolis of Athens, Greece","להזמין מוקדם מאוד בבוקר באוגוסט","Must"
"Athens","29.8","Acropolis Museum","Acropolis Museum, Athens, Greece","מוזיאון ממוזג ונוח למשפחות","Must"
"Athens","29.8","Stavros Niarchos Foundation Cultural Center","Stavros Niarchos Foundation Cultural Center, Athens, Greece","פארק, מזרקות ומרחבים בערב","Good"
"Athens","30.8","National Garden Athens","National Garden, Athens, Greece","בוקר קל אם יש זמן לפני טיסה","Optional"
"Athens","30.8","Hellenic Parliament","Hellenic Parliament, Athens, Greece","החלפת משמר ליד הפרלמנט אם מסתדר בזמן","Optional"
"Athens Optional","28-30.8","Splash Waterpark Corinth","Splash Waterpark, Isthmia, Greece","יום מים חלופי מאתונה; לא בדרך לפיליון","Optional"
